file,run_file,run_date,client_id,language,repeats,scenario_id,query,iteration,seconds,shape,rows,rows_per_s
results/python-odbc/run_20260206.json,run_20260206.json,20260206,python-odbc,python,5,select_1,SELECT 1 AS one,1,0.4197219169982418,scalar,1,2.3825298596551225
results/python-odbc/run_20260206.json,run_20260206.json,20260206,python-odbc,python,5,select_1,SELECT 1 AS one,2,0.45830533399930573,scalar,1,2.1819514760470033
results/python-odbc/run_20260206.json,run_20260206.json,20260206,python-odbc,python,5,select_1,SELECT 1 AS one,3,0.4063278329995228,scalar,1,2.461066948375093
results/python-odbc/run_20260206.json,run_20260206.json,20260206,python-odbc,python,5,select_1,SELECT 1 AS one,4,0.4763694579996809,scalar,1,2.0992109867813356
results/python-odbc/run_20260206.json,run_20260206.json,20260206,python-odbc,python,5,select_1,SELECT 1 AS one,5,0.41822845799833885,scalar,1,2.391037675403647
results/python-odbc/run_20260206.json,run_20260206.json,20260206,python-odbc,python,5,wide_single_row,SELECT * FROM samples.tpcds_sf1000.catalog_sales LIMIT 1,1,1.0460762919974513,wide,1,0.9559532202861896
results/python-odbc/run_20260206.json,run_20260206.json,20260206,python-odbc,python,5,wide_single_row,SELECT * FROM samples.tpcds_sf1000.catalog_sales LIMIT 1,2,0.9576912080010516,wide,1,1.0441779058275555
results/python-odbc/run_20260206.json,run_20260206.json,20260206,python-odbc,python,5,wide_single_row,SELECT * FROM samples.tpcds_sf1000.catalog_sales LIMIT 1,3,1.0173365000009653,wide,1,0.9829589324663482
results/python-odbc/run_20260206.json,run_20260206.json,20260206,python-odbc,python,5,wide_single_row,SELECT * FROM samples.tpcds_sf1000.catalog_sales LIMIT 1,4,0.9268576670001494,wide,1,1.078914309719832
results/python-odbc/run_20260206.json,run_20260206.json,20260206,python-odbc,python,5,wide_single_row,SELECT * FROM samples.tpcds_sf1000.catalog_sales LIMIT 1,5,0.9706294169991452,wide,1,1.0302593167757665
results/python-odbc/run_20260206.json,run_20260206.json,20260206,python-odbc,python,5,narrow_1000,"SELECT cs_order_number, cs_item_sk, cs_quantity, cs_sales_price, cs_net_paid, cs_net_profit FROM samples.tpcds_sf1000.catalog_sales LIMIT 1000",1,1.2382417079970764,narrow,1000,807.5967668845161
results/python-odbc/run_20260206.json,run_20260206.json,20260206,python-odbc,python,5,narrow_1000,"SELECT cs_order_number, cs_item_sk, cs_quantity, cs_sales_price, cs_net_paid, cs_net_profit FROM samples.tpcds_sf1000.catalog_sales LIMIT 1000",2,1.2023248330006027,narrow,1000,831.721987729666
results/python-odbc/run_20260206.json,run_20260206.json,20260206,python-odbc,python,5,narrow_1000,"SELECT cs_order_number, cs_item_sk, cs_quantity, cs_sales_price, cs_net_paid, cs_net_profit FROM samples.tpcds_sf1000.catalog_sales LIMIT 1000",3,1.2279243750017486,narrow,1000,814.3824003807857
results/python-odbc/run_20260206.json,run_20260206.json,20260206,python-odbc,python,5,narrow_1000,"SELECT cs_order_number, cs_item_sk, cs_quantity, cs_sales_price, cs_net_paid, cs_net_profit FROM samples.tpcds_sf1000.catalog_sales LIMIT 1000",4,1.2403015000018058,narrow,1000,806.2555757600422
results/python-odbc/run_20260206.json,run_20260206.json,20260206,python-odbc,python,5,narrow_1000,"SELECT cs_order_number, cs_item_sk, cs_quantity, cs_sales_price, cs_net_paid, cs_net_profit FROM samples.tpcds_sf1000.catalog_sales LIMIT 1000",5,1.2150824999989709,narrow,1000,822.9893854950976
results/python-odbc/run_20260206.json,run_20260206.json,20260206,python-odbc,python,5,wide_1000,SELECT * FROM samples.tpcds_sf1000.catalog_sales LIMIT 1000,1,1.7138058329983323,wide,1000,583.496671994915
results/python-odbc/run_20260206.json,run_20260206.json,20260206,python-odbc,python,5,wide_1000,SELECT * FROM samples.tpcds_sf1000.catalog_sales LIMIT 1000,2,1.6693535420017724,wide,1000,599.034281738109
results/python-odbc/run_20260206.json,run_20260206.json,20260206,python-odbc,python,5,wide_1000,SELECT * FROM samples.tpcds_sf1000.catalog_sales LIMIT 1000,3,1.6162080419999256,wide,1000,618.7322263058297
results/python-odbc/run_20260206.json,run_20260206.json,20260206,python-odbc,python,5,wide_1000,SELECT * FROM samples.tpcds_sf1000.catalog_sales LIMIT 1000,4,1.5526907499988738,wide,1000,644.0432520131426
results/python-odbc/run_20260206.json,run_20260206.json,20260206,python-odbc,python,5,wide_1000,SELECT * FROM samples.tpcds_sf1000.catalog_sales LIMIT 1000,5,1.5525102499996137,wide,1000,644.118130621198
results/python-odbc/run_20260206.json,run_20260206.json,20260206,python-odbc,python,5,narrow_10000,"SELECT cs_order_number, cs_item_sk, cs_quantity, cs_sales_price, cs_net_paid, cs_net_profit FROM samples.tpcds_sf1000.catalog_sales LIMIT 10000",1,1.8800724169996101,narrow,10000,5318.944052143963
results/python-odbc/run_20260206.json,run_20260206.json,20260206,python-odbc,python,5,narrow_10000,"SELECT cs_order_number, cs_item_sk, cs_quantity, cs_sales_price, cs_net_paid, cs_net_profit FROM samples.tpcds_sf1000.catalog_sales LIMIT 10000",2,1.6890882080006122,narrow,10000,5920.353923870609
results/python-odbc/run_20260206.json,run_20260206.json,20260206,python-odbc,python,5,narrow_10000,"SELECT cs_order_number, cs_item_sk, cs_quantity, cs_sales_price, cs_net_paid, cs_net_profit FROM samples.tpcds_sf1000.catalog_sales LIMIT 10000",3,1.673041292000562,narrow,10000,5977.138787795467
results/python-odbc/run_20260206.json,run_20260206.json,20260206,python-odbc,python,5,narrow_10000,"SELECT cs_order_number, cs_item_sk, cs_quantity, cs_sales_price, cs_net_paid, cs_net_profit FROM samples.tpcds_sf1000.catalog_sales LIMIT 10000",4,1.5665287080009875,narrow,10000,6383.540849858269
results/python-odbc/run_20260206.json,run_20260206.json,20260206,python-odbc,python,5,narrow_10000,"SELECT cs_order_number, cs_item_sk, cs_quantity, cs_sales_price, cs_net_paid, cs_net_profit FROM samples.tpcds_sf1000.catalog_sales LIMIT 10000",5,1.5942897089989856,narrow,10000,6272.385717322825
results/python-odbc/run_20260206.json,run_20260206.json,20260206,python-odbc,python,5,wide_10000,SELECT * FROM samples.tpcds_sf1000.catalog_sales LIMIT 10000,1,2.4225140000016836,wide,10000,4127.943120243289
results/python-odbc/run_20260206.json,run_20260206.json,20260206,python-odbc,python,5,wide_10000,SELECT * FROM samples.tpcds_sf1000.catalog_sales LIMIT 10000,2,2.164468291000958,wide,10000,4620.072302087411
results/python-odbc/run_20260206.json,run_20260206.json,20260206,python-odbc,python,5,wide_10000,SELECT * FROM samples.tpcds_sf1000.catalog_sales LIMIT 10000,3,2.2404103329972713,wide,10000,4463.4680766811925
results/python-odbc/run_20260206.json,run_20260206.json,20260206,python-odbc,python,5,wide_10000,SELECT * FROM samples.tpcds_sf1000.catalog_sales LIMIT 10000,4,1.8616728750021139,wide,10000,5371.512973238462
results/python-odbc/run_20260206.json,run_20260206.json,20260206,python-odbc,python,5,wide_10000,SELECT * FROM samples.tpcds_sf1000.catalog_sales LIMIT 10000,5,1.878383915998711,wide,10000,5323.7253123960745
results/python-odbc/run_20260206.json,run_20260206.json,20260206,python-odbc,python,5,narrow_100000,"SELECT cs_order_number, cs_item_sk, cs_quantity, cs_sales_price, cs_net_paid, cs_net_profit FROM samples.tpcds_sf1000.catalog_sales LIMIT 100000",1,4.280948500003433,narrow,100000,23359.30927454974
results/python-odbc/run_20260206.json,run_20260206.json,20260206,python-odbc,python,5,narrow_100000,"SELECT cs_order_number, cs_item_sk, cs_quantity, cs_sales_price, cs_net_paid, cs_net_profit FROM samples.tpcds_sf1000.catalog_sales LIMIT 100000",2,4.37754891700024,narrow,100000,22843.833820257118
results/python-odbc/run_20260206.json,run_20260206.json,20260206,python-odbc,python,5,narrow_100000,"SELECT cs_order_number, cs_item_sk, cs_quantity, cs_sales_price, cs_net_paid, cs_net_profit FROM samples.tpcds_sf1000.catalog_sales LIMIT 100000",3,5.3900799170005484,narrow,100000,18552.60061814587
results/python-odbc/run_20260206.json,run_20260206.json,20260206,python-odbc,python,5,narrow_100000,"SELECT cs_order_number, cs_item_sk, cs_quantity, cs_sales_price, cs_net_paid, cs_net_profit FROM samples.tpcds_sf1000.catalog_sales LIMIT 100000",4,4.56710454199856,narrow,100000,21895.71074636275
results/python-odbc/run_20260206.json,run_20260206.json,20260206,python-odbc,python,5,narrow_100000,"SELECT cs_order_number, cs_item_sk, cs_quantity, cs_sales_price, cs_net_paid, cs_net_profit FROM samples.tpcds_sf1000.catalog_sales LIMIT 100000",5,4.517769458998373,narrow,100000,22134.81695061324
results/python-odbc/run_20260206.json,run_20260206.json,20260206,python-odbc,python,5,wide_100000,SELECT * FROM samples.tpcds_sf1000.catalog_sales LIMIT 100000,1,10.296492167002725,wide,100000,9712.045459566418
results/python-odbc/run_20260206.json,run_20260206.json,20260206,python-odbc,python,5,wide_100000,SELECT * FROM samples.tpcds_sf1000.catalog_sales LIMIT 100000,2,9.46335262499997,wide,100000,10567.07955020331
results/python-odbc/run_20260206.json,run_20260206.json,20260206,python-odbc,python,5,wide_100000,SELECT * FROM samples.tpcds_sf1000.catalog_sales LIMIT 100000,3,12.4221231670017,wide,100000,8050.153637635906
results/python-odbc/run_20260206.json,run_20260206.json,20260206,python-odbc,python,5,wide_100000,SELECT * FROM samples.tpcds_sf1000.catalog_sales LIMIT 100000,4,13.483521417001612,wide,100000,7416.460204076083
results/python-odbc/run_20260206.json,run_20260206.json,20260206,python-odbc,python,5,wide_100000,SELECT * FROM samples.tpcds_sf1000.catalog_sales LIMIT 100000,5,10.434190250001848,wide,100000,9583.877388087905
results/python-odbc/run_20260206.json,run_20260206.json,20260206,python-odbc,python,5,narrow_1000000,"SELECT cs_order_number, cs_item_sk, cs_quantity, cs_sales_price, cs_net_paid, cs_net_profit FROM samples.tpcds_sf1000.catalog_sales LIMIT 1000000",1,19.921797249997326,narrow,1000000,50196.27433464288
results/python-odbc/run_20260206.json,run_20260206.json,20260206,python-odbc,python,5,narrow_1000000,"SELECT cs_order_number, cs_item_sk, cs_quantity, cs_sales_price, cs_net_paid, cs_net_profit FROM samples.tpcds_sf1000.catalog_sales LIMIT 1000000",2,20.129064291999384,narrow,1000000,49679.408118213716
results/python-odbc/run_20260206.json,run_20260206.json,20260206,python-odbc,python,5,narrow_1000000,"SELECT cs_order_number, cs_item_sk, cs_quantity, cs_sales_price, cs_net_paid, cs_net_profit FROM samples.tpcds_sf1000.catalog_sales LIMIT 1000000",3,26.733723583001847,narrow,1000000,37405.937743585855
results/python-odbc/run_20260206.json,run_20260206.json,20260206,python-odbc,python,5,narrow_1000000,"SELECT cs_order_number, cs_item_sk, cs_quantity, cs_sales_price, cs_net_paid, cs_net_profit FROM samples.tpcds_sf1000.catalog_sales LIMIT 1000000",4,20.079076292000536,narrow,1000000,49803.08782423413
results/python-odbc/run_20260206.json,run_20260206.json,20260206,python-odbc,python,5,narrow_1000000,"SELECT cs_order_number, cs_item_sk, cs_quantity, cs_sales_price, cs_net_paid, cs_net_profit FROM samples.tpcds_sf1000.catalog_sales LIMIT 1000000",5,20.07876083300289,narrow,1000000,49803.87028448132
results/python-odbc/run_20260206.json,run_20260206.json,20260206,python-odbc,python,5,wide_1000000,SELECT * FROM samples.tpcds_sf1000.catalog_sales LIMIT 1000000,1,48.522195292000106,wide,1000000,20609.125246335894
results/python-odbc/run_20260206.json,run_20260206.json,20260206,python-odbc,python,5,wide_1000000,SELECT * FROM samples.tpcds_sf1000.catalog_sales LIMIT 1000000,2,47.39076279100118,wide,1000000,21101.158561429307
results/python-odbc/run_20260206.json,run_20260206.json,20260206,python-odbc,python,5,wide_1000000,SELECT * FROM samples.tpcds_sf1000.catalog_sales LIMIT 1000000,3,44.436898374999146,wide,1000000,22503.820846385057
results/python-odbc/run_20260206.json,run_20260206.json,20260206,python-odbc,python,5,wide_1000000,SELECT * FROM samples.tpcds_sf1000.catalog_sales LIMIT 1000000,4,42.09079770899916,wide,1000000,23758.16222143484
results/python-odbc/run_20260206.json,run_20260206.json,20260206,python-odbc,python,5,wide_1000000,SELECT * FROM samples.tpcds_sf1000.catalog_sales LIMIT 1000000,5,45.19419850000122,wide,1000000,22126.733810756108
results/python-sql-connector/run_20260206.json,run_20260206.json,20260206,python-sql-connector,python,5,select_1,SELECT 1 AS one,1,0.42963349999990896,scalar,1,2.3275652387446786
results/python-sql-connector/run_20260206.json,run_20260206.json,20260206,python-sql-connector,python,5,select_1,SELECT 1 AS one,2,0.40704716600157553,scalar,1,2.4567177553967525
results/python-sql-connector/run_20260206.json,run_20260206.json,20260206,python-sql-connector,python,5,select_1,SELECT 1 AS one,3,0.43095625000205473,scalar,1,2.3204211564288304
results/python-sql-connector/run_20260206.json,run_20260206.json,20260206,python-sql-connector,python,5,select_1,SELECT 1 AS one,4,0.42036354200172354,scalar,1,2.3788932675705254
results/python-sql-connector/run_20260206.json,run_20260206.json,20260206,python-sql-connector,python,5,select_1,SELECT 1 AS one,5,0.41232129099807935,scalar,1,2.425293143556485
results/python-sql-connector/run_20260206.json,run_20260206.json,20260206,python-sql-connector,python,5,wide_single_row,SELECT * FROM samples.tpcds_sf1000.catalog_sales LIMIT 1,1,0.5313981250001234,wide,1,1.8818282431835223
results/python-sql-connector/run_20260206.json,run_20260206.json,20260206,python-sql-connector,python,5,wide_single_row,SELECT * FROM samples.tpcds_sf1000.catalog_sales LIMIT 1,2,0.5313942920001864,wide,1,1.8818418169980065
results/python-sql-connector/run_20260206.json,run_20260206.json,20260206,python-sql-connector,python,5,wide_single_row,SELECT * FROM samples.tpcds_sf1000.catalog_sales LIMIT 1,3,0.5299625000006927,wide,1,1.88692596174011
results/python-sql-connector/run_20260206.json,run_20260206.json,20260206,python-sql-connector,python,5,wide_single_row,SELECT * FROM samples.tpcds_sf1000.catalog_sales LIMIT 1,4,0.5455724579987873,wide,1,1.8329371018252956
results/python-sql-connector/run_20260206.json,run_20260206.json,20260206,python-sql-connector,python,5,wide_single_row,SELECT * FROM samples.tpcds_sf1000.catalog_sales LIMIT 1,5,0.530875875003403,wide,1,1.8836794947474111
results/python-sql-connector/run_20260206.json,run_20260206.json,20260206,python-sql-connector,python,5,narrow_1000,"SELECT cs_order_number, cs_item_sk, cs_quantity, cs_sales_price, cs_net_paid, cs_net_profit FROM samples.tpcds_sf1000.catalog_sales LIMIT 1000",1,0.8272868750027556,narrow,1000,1208.770536818524
results/python-sql-connector/run_20260206.json,run_20260206.json,20260206,python-sql-connector,python,5,narrow_1000,"SELECT cs_order_number, cs_item_sk, cs_quantity, cs_sales_price, cs_net_paid, cs_net_profit FROM samples.tpcds_sf1000.catalog_sales LIMIT 1000",2,0.8251531249989057,narrow,1000,1211.8962768290141
results/python-sql-connector/run_20260206.json,run_20260206.json,20260206,python-sql-connector,python,5,narrow_1000,"SELECT cs_order_number, cs_item_sk, cs_quantity, cs_sales_price, cs_net_paid, cs_net_profit FROM samples.tpcds_sf1000.catalog_sales LIMIT 1000",3,0.8204823749983916,narrow,1000,1218.7952239704848
results/python-sql-connector/run_20260206.json,run_20260206.json,20260206,python-sql-connector,python,5,narrow_1000,"SELECT cs_order_number, cs_item_sk, cs_quantity, cs_sales_price, cs_net_paid, cs_net_profit FROM samples.tpcds_sf1000.catalog_sales LIMIT 1000",4,0.844016457998805,narrow,1000,1184.811019409548
results/python-sql-connector/run_20260206.json,run_20260206.json,20260206,python-sql-connector,python,5,narrow_1000,"SELECT cs_order_number, cs_item_sk, cs_quantity, cs_sales_price, cs_net_paid, cs_net_profit FROM samples.tpcds_sf1000.catalog_sales LIMIT 1000",5,0.8175625420008146,narrow,1000,1223.1480145270693
results/python-sql-connector/run_20260206.json,run_20260206.json,20260206,python-sql-connector,python,5,wide_1000,SELECT * FROM samples.tpcds_sf1000.catalog_sales LIMIT 1000,1,0.8128113339989795,wide,1000,1230.297804879349
results/python-sql-connector/run_20260206.json,run_20260206.json,20260206,python-sql-connector,python,5,wide_1000,SELECT * FROM samples.tpcds_sf1000.catalog_sales LIMIT 1000,2,0.8261167090022354,wide,1000,1210.4827188494671
results/python-sql-connector/run_20260206.json,run_20260206.json,20260206,python-sql-connector,python,5,wide_1000,SELECT * FROM samples.tpcds_sf1000.catalog_sales LIMIT 1000,3,0.8167091659997823,wide,1000,1224.4260767856579
results/python-sql-connector/run_20260206.json,run_20260206.json,20260206,python-sql-connector,python,5,wide_1000,SELECT * FROM samples.tpcds_sf1000.catalog_sales LIMIT 1000,4,0.8072285419984837,wide,1000,1238.8065435895828
results/python-sql-connector/run_20260206.json,run_20260206.json,20260206,python-sql-connector,python,5,wide_1000,SELECT * FROM samples.tpcds_sf1000.catalog_sales LIMIT 1000,5,0.807167582999682,wide,1000,1238.9001008733449
results/python-sql-connector/run_20260206.json,run_20260206.json,20260206,python-sql-connector,python,5,narrow_10000,"SELECT cs_order_number, cs_item_sk, cs_quantity, cs_sales_price, cs_net_paid, cs_net_profit FROM samples.tpcds_sf1000.catalog_sales LIMIT 10000",1,0.8284791250007402,narrow,10000,12070.31016018788
results/python-sql-connector/run_20260206.json,run_20260206.json,20260206,python-sql-connector,python,5,narrow_10000,"SELECT cs_order_number, cs_item_sk, cs_quantity, cs_sales_price, cs_net_paid, cs_net_profit FROM samples.tpcds_sf1000.catalog_sales LIMIT 10000",2,0.825402499998745,narrow,10000,12115.301322706442
results/python-sql-connector/run_20260206.json,run_20260206.json,20260206,python-sql-connector,python,5,narrow_10000,"SELECT cs_order_number, cs_item_sk, cs_quantity, cs_sales_price, cs_net_paid, cs_net_profit FROM samples.tpcds_sf1000.catalog_sales LIMIT 10000",3,0.8247777090000454,narrow,10000,12124.478984918165
results/python-sql-connector/run_20260206.json,run_20260206.json,20260206,python-sql-connector,python,5,narrow_10000,"SELECT cs_order_number, cs_item_sk, cs_quantity, cs_sales_price, cs_net_paid, cs_net_profit FROM samples.tpcds_sf1000.catalog_sales LIMIT 10000",4,0.8060149170014483,narrow,10000,12406.718274150788
results/python-sql-connector/run_20260206.json,run_20260206.json,20260206,python-sql-connector,python,5,narrow_10000,"SELECT cs_order_number, cs_item_sk, cs_quantity, cs_sales_price, cs_net_paid, cs_net_profit FROM samples.tpcds_sf1000.catalog_sales LIMIT 10000",5,0.8147670420003124,narrow,10000,12273.446868259758
results/python-sql-connector/run_20260206.json,run_20260206.json,20260206,python-sql-connector,python,5,wide_10000,SELECT * FROM samples.tpcds_sf1000.catalog_sales LIMIT 10000,1,0.87844316699920455,wide,10000,11383.775724683912
results/python-sql-connector/run_20260206.json,run_20260206.json,20260206,python-sql-connector,python,5,wide_10000,SELECT * FROM samples.tpcds_sf1000.catalog_sales LIMIT 10000,2,0.8945399170006567,wide,10000,11178.930990055147
results/python-sql-connector/run_20260206.json,run_20260206.json,20260206,python-sql-connector,python,5,wide_10000,SELECT * FROM samples.tpcds_sf1000.catalog_sales LIMIT 10000,3,0.8595392919996812,wide,10000,11634.13946642908
results/python-sql-connector/run_20260206.json,run_20260206.json,20260206,python-sql-connector,python,5,wide_10000,SELECT * FROM samples.tpcds_sf1000.catalog_sales LIMIT 10000,4,0.8957905839997693,wide,10000,11163.323413547485
results/python-sql-connector/run_20260206.json,run_20260206.json,20260206,python-sql-connector,python,5,wide_10000,SELECT * FROM samples.tpcds_sf1000.catalog_sales LIMIT 10000,5,0.8925083329995687,wide,10000,11204.377180873707
results/python-sql-connector/run_20260206.json,run_20260206.json,20260206,python-sql-connector,python,5,narrow_100000,"SELECT cs_order_number, cs_item_sk, cs_quantity, cs_sales_price, cs_net_paid, cs_net_profit FROM samples.tpcds_sf1000.catalog_sales LIMIT 100000",1,3.3314866250002524,narrow,100000,30016.629587997348
results/python-sql-connector/run_20260206.json,run_20260206.json,20260206,python-sql-connector,python,5,narrow_100000,"SELECT cs_order_number, cs_item_sk, cs_quantity, cs_sales_price, cs_net_paid, cs_net_profit FROM samples.tpcds_sf1000.catalog_sales LIMIT 100000",2,5.418020416000218,narrow,100000,18456.925652159814
results/python-sql-connector/run_20260206.json,run_20260206.json,20260206,python-sql-connector,python,5,narrow_100000,"SELECT cs_order_number, cs_item_sk, cs_quantity, cs_sales_price, cs_net_paid, cs_net_profit FROM samples.tpcds_sf1000.catalog_sales LIMIT 100000",3,2.1244822079970618,narrow,100000,47070.29299825433
results/python-sql-connector/run_20260206.json,run_20260206.json,20260206,python-sql-connector,python,5,narrow_100000,"SELECT cs_order_number, cs_item_sk, cs_quantity, cs_sales_price, cs_net_paid, cs_net_profit FROM samples.tpcds_sf1000.catalog_sales LIMIT 100000",4,1.8283746659981261,narrow,100000,54693.38525613901
results/python-sql-connector/run_20260206.json,run_20260206.json,20260206,python-sql-connector,python,5,narrow_100000,"SELECT cs_order_number, cs_item_sk, cs_quantity, cs_sales_price, cs_net_paid, cs_net_profit FROM samples.tpcds_sf1000.catalog_sales LIMIT 100000",5,1.8810283749990049,narrow,100000,53162.40909978453
results/python-sql-connector/run_20260206.json,run_20260206.json,20260206,python-sql-connector,python,5,wide_100000,SELECT * FROM samples.tpcds_sf1000.catalog_sales LIMIT 100000,1,2.9892781250018743,wide,100000,33452.89257751394
results/python-sql-connector/run_20260206.json,run_20260206.json,20260206,python-sql-connector,python,5,wide_100000,SELECT * FROM samples.tpcds_sf1000.catalog_sales LIMIT 100000,2,5.491791833999741,wide,100000,18208.99317066225
results/python-sql-connector/run_20260206.json,run_20260206.json,20260206,python-sql-connector,python,5,wide_100000,SELECT * FROM samples.tpcds_sf1000.catalog_sales LIMIT 100000,3,6.65392966699801,wide,100000,15028.71310707978
results/python-sql-connector/run_20260206.json,run_20260206.json,20260206,python-sql-connector,python,5,wide_100000,SELECT * FROM samples.tpcds_sf1000.catalog_sales LIMIT 100000,4,5.166411958001845,wide,100000,19355.792920291216
results/python-sql-connector/run_20260206.json,run_20260206.json,20260206,python-sql-connector,python,5,wide_100000,SELECT * FROM samples.tpcds_sf1000.catalog_sales LIMIT 100000,5,5.084722417002922,wide,100000,19666.7569630955
results/python-sql-connector/run_20260206.json,run_20260206.json,20260206,python-sql-connector,python,5,narrow_1000000,"SELECT cs_order_number, cs_item_sk, cs_quantity, cs_sales_price, cs_net_paid, cs_net_profit FROM samples.tpcds_sf1000.catalog_sales LIMIT 1000000",1,7.1286401669967745,narrow,1000000,140279.20845684796
results/python-sql-connector/run_20260206.json,run_20260206.json,20260206,python-sql-connector,python,5,narrow_1000000,"SELECT cs_order_number, cs_item_sk, cs_quantity, cs_sales_price, cs_net_paid, cs_net_profit FROM samples.tpcds_sf1000.catalog_sales LIMIT 1000000",2,8.072434749999957,narrow,1000000,123878.36272073991
results/python-sql-connector/run_20260206.json,run_20260206.json,20260206,python-sql-connector,python,5,narrow_1000000,"SELECT cs_order_number, cs_item_sk, cs_quantity, cs_sales_price, cs_net_paid, cs_net_profit FROM samples.tpcds_sf1000.catalog_sales LIMIT 1000000",3,6.805584292000276,narrow,1000000,146938.15506413823
results/python-sql-connector/run_20260206.json,run_20260206.json,20260206,python-sql-connector,python,5,narrow_1000000,"SELECT cs_order_number, cs_item_sk, cs_quantity, cs_sales_price, cs_net_paid, cs_net_profit FROM samples.tpcds_sf1000.catalog_sales LIMIT 1000000",4,7.443513917001837,narrow,1000000,134345.15084547442
results/python-sql-connector/run_20260206.json,run_20260206.json,20260206,python-sql-connector,python,5,narrow_1000000,"SELECT cs_order_number, cs_item_sk, cs_quantity, cs_sales_price, cs_net_paid, cs_net_profit FROM samples.tpcds_sf1000.catalog_sales LIMIT 1000000",5,10.570520708999538,narrow,1000000,94602.71896999542
results/python-sql-connector/run_20260206.json,run_20260206.json,20260206,python-sql-connector,python,5,wide_1000000,SELECT * FROM samples.tpcds_sf1000.catalog_sales LIMIT 1000000,1,27.246474209001462,wide,1000000,36701.99646123858
results/python-sql-connector/run_20260206.json,run_20260206.json,20260206,python-sql-connector,python,5,wide_1000000,SELECT * FROM samples.tpcds_sf1000.catalog_sales LIMIT 1000000,2,27.516015749999497,wide,1000000,36342.47083900649
results/python-sql-connector/run_20260206.json,run_20260206.json,20260206,python-sql-connector,python,5,wide_1000000,SELECT * FROM samples.tpcds_sf1000.catalog_sales LIMIT 1000000,3,26.328078791000735,wide,1000000,37982.262509097796
results/python-sql-connector/run_20260206.json,run_20260206.json,20260206,python-sql-connector,python,5,wide_1000000,SELECT * FROM samples.tpcds_sf1000.catalog_sales LIMIT 1000000,4,35.238997542001016,wide,1000000,28377.65174245124
results/python-sql-connector/run_20260206.json,run_20260206.json,20260206,python-sql-connector,python,5,wide_1000000,SELECT * FROM samples.tpcds_sf1000.catalog_sales LIMIT 1000000,5,26.81904541699987,wide,1000000,37286.934879722714
results/r-adbc/run_20260206.json,run_20260206.json,20260206,r-adbc,r,5,select_1,SELECT 1 AS one,1,0.2994,scalar,1,3.3400133600534403
results/r-adbc/run_20260206.json,run_20260206.json,20260206,r-adbc,r,5,select_1,SELECT 1 AS one,2,0.3123,scalar,1,3.202049311559398
results/r-adbc/run_20260206.json,run_20260206.json,20260206,r-adbc,r,5,select_1,SELECT 1 AS one,3,0.2859,scalar,1,3.497726477789437
results/r-adbc/run_20260206.json,run_20260206.json,20260206,r-adbc,r,5,select_1,SELECT 1 AS one,4,0.297,scalar,1,3.367003367003367
results/r-adbc/run_20260206.json,run_20260206.json,20260206,r-adbc,r,5,select_1,SELECT 1 AS one,5,0.2935,scalar,1,3.4071550255536627
results/r-adbc/run_20260206.json,run_20260206.json,20260206,r-adbc,r,5,wide_single_row,SELECT * FROM samples.tpcds_sf1000.catalog_sales LIMIT 1,1,0.4614,wide,1,2.167316861725184
results/r-adbc/run_20260206.json,run_20260206.json,20260206,r-adbc,r,5,wide_single_row,SELECT * FROM samples.tpcds_sf1000.catalog_sales LIMIT 1,2,0.43120000000000003,wide,1,2.3191094619666046
results/r-adbc/run_20260206.json,run_20260206.json,20260206,r-adbc,r,5,wide_single_row,SELECT * FROM samples.tpcds_sf1000.catalog_sales LIMIT 1,3,0.4414,wide,1,2.2655188038060716
results/r-adbc/run_20260206.json,run_20260206.json,20260206,r-adbc,r,5,wide_single_row,SELECT * FROM samples.tpcds_sf1000.catalog_sales LIMIT 1,4,0.4497,wide,1,2.2237046920169004
results/r-adbc/run_20260206.json,run_20260206.json,20260206,r-adbc,r,5,wide_single_row,SELECT * FROM samples.tpcds_sf1000.catalog_sales LIMIT 1,5,0.4423,wide,1,2.2609088853719195
results/r-adbc/run_20260206.json,run_20260206.json,20260206,r-adbc,r,5,narrow_1000,"SELECT cs_order_number, cs_item_sk, cs_quantity, cs_sales_price, cs_net_paid, cs_net_profit FROM samples.tpcds_sf1000.catalog_sales LIMIT 1000",1,0.6032,narrow,1000,1657.8249336870028
results/r-adbc/run_20260206.json,run_20260206.json,20260206,r-adbc,r,5,narrow_1000,"SELECT cs_order_number, cs_item_sk, cs_quantity, cs_sales_price, cs_net_paid, cs_net_profit FROM samples.tpcds_sf1000.catalog_sales LIMIT 1000",2,0.6068,narrow,1000,1647.9894528675015
results/r-adbc/run_20260206.json,run_20260206.json,20260206,r-adbc,r,5,narrow_1000,"SELECT cs_order_number, cs_item_sk, cs_quantity, cs_sales_price, cs_net_paid, cs_net_profit FROM samples.tpcds_sf1000.catalog_sales LIMIT 1000",3,0.6033,narrow,1000,1657.550140891762
results/r-adbc/run_20260206.json,run_20260206.json,20260206,r-adbc,r,5,narrow_1000,"SELECT cs_order_number, cs_item_sk, cs_quantity, cs_sales_price, cs_net_paid, cs_net_profit FROM samples.tpcds_sf1000.catalog_sales LIMIT 1000",4,0.6103,narrow,1000,1638.5384237260364
results/r-adbc/run_20260206.json,run_20260206.json,20260206,r-adbc,r,5,narrow_1000,"SELECT cs_order_number, cs_item_sk, cs_quantity, cs_sales_price, cs_net_paid, cs_net_profit FROM samples.tpcds_sf1000.catalog_sales LIMIT 1000",5,0.6413,narrow,1000,1559.332605644784
results/r-adbc/run_20260206.json,run_20260206.json,20260206,r-adbc,r,5,wide_1000,SELECT * FROM samples.tpcds_sf1000.catalog_sales LIMIT 1000,1,0.6341,wide,1000,1577.0383220312253
results/r-adbc/run_20260206.json,run_20260206.json,20260206,r-adbc,r,5,wide_1000,SELECT * FROM samples.tpcds_sf1000.catalog_sales LIMIT 1000,2,0.6552,wide,1000,1526.2515262515262
results/r-adbc/run_20260206.json,run_20260206.json,20260206,r-adbc,r,5,wide_1000,SELECT * FROM samples.tpcds_sf1000.catalog_sales LIMIT 1000,3,0.6402,wide,1000,1562.0118712902217
results/r-adbc/run_20260206.json,run_20260206.json,20260206,r-adbc,r,5,wide_1000,SELECT * FROM samples.tpcds_sf1000.catalog_sales LIMIT 1000,4,0.6382,wide,1000,1566.9069257286117
results/r-adbc/run_20260206.json,run_20260206.json,20260206,r-adbc,r,5,wide_1000,SELECT * FROM samples.tpcds_sf1000.catalog_sales LIMIT 1000,5,0.625,wide,1000,1600
results/r-adbc/run_20260206.json,run_20260206.json,20260206,r-adbc,r,5,narrow_10000,"SELECT cs_order_number, cs_item_sk, cs_quantity, cs_sales_price, cs_net_paid, cs_net_profit FROM samples.tpcds_sf1000.catalog_sales LIMIT 10000",1,0.8039,narrow,10000,12439.358129120537
results/r-adbc/run_20260206.json,run_20260206.json,20260206,r-adbc,r,5,narrow_10000,"SELECT cs_order_number, cs_item_sk, cs_quantity, cs_sales_price, cs_net_paid, cs_net_profit FROM samples.tpcds_sf1000.catalog_sales LIMIT 10000",2,0.8921,narrow,10000,11209.505660800358
results/r-adbc/run_20260206.json,run_20260206.json,20260206,r-adbc,r,5,narrow_10000,"SELECT cs_order_number, cs_item_sk, cs_quantity, cs_sales_price, cs_net_paid, cs_net_profit FROM samples.tpcds_sf1000.catalog_sales LIMIT 10000",3,0.7961,narrow,10000,12561.236025624921
results/r-adbc/run_20260206.json,run_20260206.json,20260206,r-adbc,r,5,narrow_10000,"SELECT cs_order_number, cs_item_sk, cs_quantity, cs_sales_price, cs_net_paid, cs_net_profit FROM samples.tpcds_sf1000.catalog_sales LIMIT 10000",4,0.8231,narrow,10000,12149.192078726765
results/r-adbc/run_20260206.json,run_20260206.json,20260206,r-adbc,r,5,narrow_10000,"SELECT cs_order_number, cs_item_sk, cs_quantity, cs_sales_price, cs_net_paid, cs_net_profit FROM samples.tpcds_sf1000.catalog_sales LIMIT 10000",5,0.8735,narrow,10000,11448.196908986834
results/r-adbc/run_20260206.json,run_20260206.json,20260206,r-adbc,r,5,wide_10000,SELECT * FROM samples.tpcds_sf1000.catalog_sales LIMIT 10000,1,1.8494,wide,10000,5407.159078620093
results/r-adbc/run_20260206.json,run_20260206.json,20260206,r-adbc,r,5,wide_10000,SELECT * FROM samples.tpcds_sf1000.catalog_sales LIMIT 10000,2,1.5747,wide,10000,6350.415952244872
results/r-adbc/run_20260206.json,run_20260206.json,20260206,r-adbc,r,5,wide_10000,SELECT * FROM samples.tpcds_sf1000.catalog_sales LIMIT 10000,3,1.4205,wide,10000,7039.774727208729
results/r-adbc/run_20260206.json,run_20260206.json,20260206,r-adbc,r,5,wide_10000,SELECT * FROM samples.tpcds_sf1000.catalog_sales LIMIT 10000,4,1.3457,wide,10000,7431.076763022963
results/r-adbc/run_20260206.json,run_20260206.json,20260206,r-adbc,r,5,wide_10000,SELECT * FROM samples.tpcds_sf1000.catalog_sales LIMIT 10000,5,1.2124,wide,10000,8248.102936324645
results/r-adbc/run_20260206.json,run_20260206.json,20260206,r-adbc,r,5,narrow_100000,"SELECT cs_order_number, cs_item_sk, cs_quantity, cs_sales_price, cs_net_paid, cs_net_profit FROM samples.tpcds_sf1000.catalog_sales LIMIT 100000",1,1.5074,narrow,100000,66339.39233116624
results/r-adbc/run_20260206.json,run_20260206.json,20260206,r-adbc,r,5,narrow_100000,"SELECT cs_order_number, cs_item_sk, cs_quantity, cs_sales_price, cs_net_paid, cs_net_profit FROM samples.tpcds_sf1000.catalog_sales LIMIT 100000",2,1.3208,narrow,100000,75711.68988491823
results/r-adbc/run_20260206.json,run_20260206.json,20260206,r-adbc,r,5,narrow_100000,"SELECT cs_order_number, cs_item_sk, cs_quantity, cs_sales_price, cs_net_paid, cs_net_profit FROM samples.tpcds_sf1000.catalog_sales LIMIT 100000",3,1.2806,narrow,100000,78088.39606434484
results/r-adbc/run_20260206.json,run_20260206.json,20260206,r-adbc,r,5,narrow_100000,"SELECT cs_order_number, cs_item_sk, cs_quantity, cs_sales_price, cs_net_paid, cs_net_profit FROM samples.tpcds_sf1000.catalog_sales LIMIT 100000",4,1.1399,narrow,100000,87726.99359592947
results/r-adbc/run_20260206.json,run_20260206.json,20260206,r-adbc,r,5,narrow_100000,"SELECT cs_order_number, cs_item_sk, cs_quantity, cs_sales_price, cs_net_paid, cs_net_profit FROM samples.tpcds_sf1000.catalog_sales LIMIT 100000",5,1.1346,narrow,100000,88136.78829543451
results/r-adbc/run_20260206.json,run_20260206.json,20260206,r-adbc,r,5,wide_100000,SELECT * FROM samples.tpcds_sf1000.catalog_sales LIMIT 100000,1,7.642,wide,100000,13085.579691180319
results/r-adbc/run_20260206.json,run_20260206.json,20260206,r-adbc,r,5,wide_100000,SELECT * FROM samples.tpcds_sf1000.catalog_sales LIMIT 100000,2,6.6466,wide,100000,15045.286311798513
results/r-adbc/run_20260206.json,run_20260206.json,20260206,r-adbc,r,5,wide_100000,SELECT * FROM samples.tpcds_sf1000.catalog_sales LIMIT 100000,3,7.4189,wide,100000,13479.087196215072
results/r-adbc/run_20260206.json,run_20260206.json,20260206,r-adbc,r,5,wide_100000,SELECT * FROM samples.tpcds_sf1000.catalog_sales LIMIT 100000,4,5.086,wide,100000,19661.81675186787
results/r-adbc/run_20260206.json,run_20260206.json,20260206,r-adbc,r,5,wide_100000,SELECT * FROM samples.tpcds_sf1000.catalog_sales LIMIT 100000,5,7.0356,wide,100000,14213.42884757519
results/r-adbc/run_20260206.json,run_20260206.json,20260206,r-adbc,r,5,narrow_1000000,"SELECT cs_order_number, cs_item_sk, cs_quantity, cs_sales_price, cs_net_paid, cs_net_profit FROM samples.tpcds_sf1000.catalog_sales LIMIT 1000000",1,9.7398,narrow,1000000,102671.51276206903
results/r-adbc/run_20260206.json,run_20260206.json,20260206,r-adbc,r,5,narrow_1000000,"SELECT cs_order_number, cs_item_sk, cs_quantity, cs_sales_price, cs_net_paid, cs_net_profit FROM samples.tpcds_sf1000.catalog_sales LIMIT 1000000",2,16.5905,narrow,1000000,60275.45884693048
results/r-adbc/run_20260206.json,run_20260206.json,20260206,r-adbc,r,5,narrow_1000000,"SELECT cs_order_number, cs_item_sk, cs_quantity, cs_sales_price, cs_net_paid, cs_net_profit FROM samples.tpcds_sf1000.catalog_sales LIMIT 1000000",3,14.1275,narrow,1000000,70783.93204742523
results/r-adbc/run_20260206.json,run_20260206.json,20260206,r-adbc,r,5,narrow_1000000,"SELECT cs_order_number, cs_item_sk, cs_quantity, cs_sales_price, cs_net_paid, cs_net_profit FROM samples.tpcds_sf1000.catalog_sales LIMIT 1000000",4,17.8668,narrow,1000000,55969.73156916739
results/r-adbc/run_20260206.json,run_20260206.json,20260206,r-adbc,r,5,narrow_1000000,"SELECT cs_order_number, cs_item_sk, cs_quantity, cs_sales_price, cs_net_paid, cs_net_profit FROM samples.tpcds_sf1000.catalog_sales LIMIT 1000000",5,18.943,narrow,1000000,52789.94879374967
results/r-adbc/run_20260206.json,run_20260206.json,20260206,r-adbc,r,5,wide_1000000,SELECT * FROM samples.tpcds_sf1000.catalog_sales LIMIT 1000000,1,41.5243,wide,1000000,24082.284349164227
results/r-adbc/run_20260206.json,run_20260206.json,20260206,r-adbc,r,5,wide_1000000,SELECT * FROM samples.tpcds_sf1000.catalog_sales LIMIT 1000000,2,31.723,wide,1000000,31522.869842070424
results/r-adbc/run_20260206.json,run_20260206.json,20260206,r-adbc,r,5,wide_1000000,SELECT * FROM samples.tpcds_sf1000.catalog_sales LIMIT 1000000,3,37.6375,wide,1000000,26569.24609764198
results/r-adbc/run_20260206.json,run_20260206.json,20260206,r-adbc,r,5,wide_1000000,SELECT * FROM samples.tpcds_sf1000.catalog_sales LIMIT 1000000,4,34.7717,wide,1000000,28759.019547505584
results/r-adbc/run_20260206.json,run_20260206.json,20260206,r-adbc,r,5,wide_1000000,SELECT * FROM samples.tpcds_sf1000.catalog_sales LIMIT 1000000,5,40.1116,wide,1000000,24930.444061069615
results/r-brickster-sql/run_20260206.json,run_20260206.json,20260206,r-brickster-sql,r,5,select_1,SELECT 1 AS one,1,0.9495,scalar,1,1.05318588730911
results/r-brickster-sql/run_20260206.json,run_20260206.json,20260206,r-brickster-sql,r,5,select_1,SELECT 1 AS one,2,0.937,scalar,1,1.0672358591248665
results/r-brickster-sql/run_20260206.json,run_20260206.json,20260206,r-brickster-sql,r,5,select_1,SELECT 1 AS one,3,1.0105,scalar,1,0.9896091044037606
results/r-brickster-sql/run_20260206.json,run_20260206.json,20260206,r-brickster-sql,r,5,select_1,SELECT 1 AS one,4,0.9107,scalar,1,1.0980564401010213
results/r-brickster-sql/run_20260206.json,run_20260206.json,20260206,r-brickster-sql,r,5,select_1,SELECT 1 AS one,5,0.9213,scalar,1,1.08542277216976
results/r-brickster-sql/run_20260206.json,run_20260206.json,20260206,r-brickster-sql,r,5,wide_single_row,SELECT * FROM samples.tpcds_sf1000.catalog_sales LIMIT 1,1,1.0701,wide,1,0.9344921035417251
results/r-brickster-sql/run_20260206.json,run_20260206.json,20260206,r-brickster-sql,r,5,wide_single_row,SELECT * FROM samples.tpcds_sf1000.catalog_sales LIMIT 1,2,1.256,wide,1,0.7961783439490446
results/r-brickster-sql/run_20260206.json,run_20260206.json,20260206,r-brickster-sql,r,5,wide_single_row,SELECT * FROM samples.tpcds_sf1000.catalog_sales LIMIT 1,3,1.0811,wide,1,0.9249838127832763
results/r-brickster-sql/run_20260206.json,run_20260206.json,20260206,r-brickster-sql,r,5,wide_single_row,SELECT * FROM samples.tpcds_sf1000.catalog_sales LIMIT 1,4,1.081,wide,1,0.9250693802035153
results/r-brickster-sql/run_20260206.json,run_20260206.json,20260206,r-brickster-sql,r,5,wide_single_row,SELECT * FROM samples.tpcds_sf1000.catalog_sales LIMIT 1,5,1.0509,wide,1,0.9515653249595585
results/r-brickster-sql/run_20260206.json,run_20260206.json,20260206,r-brickster-sql,r,5,narrow_1000,"SELECT cs_order_number, cs_item_sk, cs_quantity, cs_sales_price, cs_net_paid, cs_net_profit FROM samples.tpcds_sf1000.catalog_sales LIMIT 1000",1,1.3519,narrow,1000,739.6996819291367
results/r-brickster-sql/run_20260206.json,run_20260206.json,20260206,r-brickster-sql,r,5,narrow_1000,"SELECT cs_order_number, cs_item_sk, cs_quantity, cs_sales_price, cs_net_paid, cs_net_profit FROM samples.tpcds_sf1000.catalog_sales LIMIT 1000",2,1.0981,narrow,1000,910.6638739641198
results/r-brickster-sql/run_20260206.json,run_20260206.json,20260206,r-brickster-sql,r,5,narrow_1000,"SELECT cs_order_number, cs_item_sk, cs_quantity, cs_sales_price, cs_net_paid, cs_net_profit FROM samples.tpcds_sf1000.catalog_sales LIMIT 1000",3,1.1306,narrow,1000,884.4861135680169
results/r-brickster-sql/run_20260206.json,run_20260206.json,20260206,r-brickster-sql,r,5,narrow_1000,"SELECT cs_order_number, cs_item_sk, cs_quantity, cs_sales_price, cs_net_paid, cs_net_profit FROM samples.tpcds_sf1000.catalog_sales LIMIT 1000",4,1.0805,narrow,1000,925.497454881999
results/r-brickster-sql/run_20260206.json,run_20260206.json,20260206,r-brickster-sql,r,5,narrow_1000,"SELECT cs_order_number, cs_item_sk, cs_quantity, cs_sales_price, cs_net_paid, cs_net_profit FROM samples.tpcds_sf1000.catalog_sales LIMIT 1000",5,1.0357,narrow,1000,965.5305590421937
results/r-brickster-sql/run_20260206.json,run_20260206.json,20260206,r-brickster-sql,r,5,wide_1000,SELECT * FROM samples.tpcds_sf1000.catalog_sales LIMIT 1000,1,1.089,wide,1000,918.2736455463728
results/r-brickster-sql/run_20260206.json,run_20260206.json,20260206,r-brickster-sql,r,5,wide_1000,SELECT * FROM samples.tpcds_sf1000.catalog_sales LIMIT 1000,2,1.1451,wide,1000,873.2861758798358
results/r-brickster-sql/run_20260206.json,run_20260206.json,20260206,r-brickster-sql,r,5,wide_1000,SELECT * FROM samples.tpcds_sf1000.catalog_sales LIMIT 1000,3,1.1164,wide,1000,895.7362952346829
results/r-brickster-sql/run_20260206.json,run_20260206.json,20260206,r-brickster-sql,r,5,wide_1000,SELECT * FROM samples.tpcds_sf1000.catalog_sales LIMIT 1000,4,1.1376,wide,1000,879.0436005625879
results/r-brickster-sql/run_20260206.json,run_20260206.json,20260206,r-brickster-sql,r,5,wide_1000,SELECT * FROM samples.tpcds_sf1000.catalog_sales LIMIT 1000,5,1.1244,wide,1000,889.3632159373888
results/r-brickster-sql/run_20260206.json,run_20260206.json,20260206,r-brickster-sql,r,5,narrow_10000,"SELECT cs_order_number, cs_item_sk, cs_quantity, cs_sales_price, cs_net_paid, cs_net_profit FROM samples.tpcds_sf1000.catalog_sales LIMIT 10000",1,1.1311,narrow,10000,8840.951286358411
results/r-brickster-sql/run_20260206.json,run_20260206.json,20260206,r-brickster-sql,r,5,narrow_10000,"SELECT cs_order_number, cs_item_sk, cs_quantity, cs_sales_price, cs_net_paid, cs_net_profit FROM samples.tpcds_sf1000.catalog_sales LIMIT 10000",2,1.1542,narrow,10000,8664.009703690868
results/r-brickster-sql/run_20260206.json,run_20260206.json,20260206,r-brickster-sql,r,5,narrow_10000,"SELECT cs_order_number, cs_item_sk, cs_quantity, cs_sales_price, cs_net_paid, cs_net_profit FROM samples.tpcds_sf1000.catalog_sales LIMIT 10000",3,1.0921,narrow,10000,9156.670634557275
results/r-brickster-sql/run_20260206.json,run_20260206.json,20260206,r-brickster-sql,r,5,narrow_10000,"SELECT cs_order_number, cs_item_sk, cs_quantity, cs_sales_price, cs_net_paid, cs_net_profit FROM samples.tpcds_sf1000.catalog_sales LIMIT 10000",4,1.1266,narrow,10000,8876.264867743654
results/r-brickster-sql/run_20260206.json,run_20260206.json,20260206,r-brickster-sql,r,5,narrow_10000,"SELECT cs_order_number, cs_item_sk, cs_quantity, cs_sales_price, cs_net_paid, cs_net_profit FROM samples.tpcds_sf1000.catalog_sales LIMIT 10000",5,1.0967,narrow,10000,9118.263882556761
results/r-brickster-sql/run_20260206.json,run_20260206.json,20260206,r-brickster-sql,r,5,wide_10000,SELECT * FROM samples.tpcds_sf1000.catalog_sales LIMIT 10000,1,1.7503,wide,10000,5713.306290350226
results/r-brickster-sql/run_20260206.json,run_20260206.json,20260206,r-brickster-sql,r,5,wide_10000,SELECT * FROM samples.tpcds_sf1000.catalog_sales LIMIT 10000,2,1.9452,wide,10000,5140.859551717047
results/r-brickster-sql/run_20260206.json,run_20260206.json,20260206,r-brickster-sql,r,5,wide_10000,SELECT * FROM samples.tpcds_sf1000.catalog_sales LIMIT 10000,3,1.9958,wide,10000,5010.522096402445
results/r-brickster-sql/run_20260206.json,run_20260206.json,20260206,r-brickster-sql,r,5,wide_10000,SELECT * FROM samples.tpcds_sf1000.catalog_sales LIMIT 10000,4,1.9215,wide,10000,5204.267499349467
results/r-brickster-sql/run_20260206.json,run_20260206.json,20260206,r-brickster-sql,r,5,wide_10000,SELECT * FROM samples.tpcds_sf1000.catalog_sales LIMIT 10000,5,1.9486,wide,10000,5131.889561736632
results/r-brickster-sql/run_20260206.json,run_20260206.json,20260206,r-brickster-sql,r,5,narrow_100000,"SELECT cs_order_number, cs_item_sk, cs_quantity, cs_sales_price, cs_net_paid, cs_net_profit FROM samples.tpcds_sf1000.catalog_sales LIMIT 100000",1,2.8451,narrow,100000,35148.149449931465
results/r-brickster-sql/run_20260206.json,run_20260206.json,20260206,r-brickster-sql,r,5,narrow_100000,"SELECT cs_order_number, cs_item_sk, cs_quantity, cs_sales_price, cs_net_paid, cs_net_profit FROM samples.tpcds_sf1000.catalog_sales LIMIT 100000",2,2.6556,narrow,100000,37656.273535170956
results/r-brickster-sql/run_20260206.json,run_20260206.json,20260206,r-brickster-sql,r,5,narrow_100000,"SELECT cs_order_number, cs_item_sk, cs_quantity, cs_sales_price, cs_net_paid, cs_net_profit FROM samples.tpcds_sf1000.catalog_sales LIMIT 100000",3,2.8436,narrow,100000,35166.69011112674
results/r-brickster-sql/run_20260206.json,run_20260206.json,20260206,r-brickster-sql,r,5,narrow_100000,"SELECT cs_order_number, cs_item_sk, cs_quantity, cs_sales_price, cs_net_paid, cs_net_profit FROM samples.tpcds_sf1000.catalog_sales LIMIT 100000",4,2.7995,narrow,100000,35720.66440435792
results/r-brickster-sql/run_20260206.json,run_20260206.json,20260206,r-brickster-sql,r,5,narrow_100000,"SELECT cs_order_number, cs_item_sk, cs_quantity, cs_sales_price, cs_net_paid, cs_net_profit FROM samples.tpcds_sf1000.catalog_sales LIMIT 100000",5,2.5529,narrow,100000,39171.13870500215
results/r-brickster-sql/run_20260206.json,run_20260206.json,20260206,r-brickster-sql,r,5,wide_100000,SELECT * FROM samples.tpcds_sf1000.catalog_sales LIMIT 100000,1,10.2798,wide,100000,9727.81571625907
results/r-brickster-sql/run_20260206.json,run_20260206.json,20260206,r-brickster-sql,r,5,wide_100000,SELECT * FROM samples.tpcds_sf1000.catalog_sales LIMIT 100000,2,11.4704,wide,100000,8718.091784070302
results/r-brickster-sql/run_20260206.json,run_20260206.json,20260206,r-brickster-sql,r,5,wide_100000,SELECT * FROM samples.tpcds_sf1000.catalog_sales LIMIT 100000,3,11.9892,wide,100000,8340.840089413805
results/r-brickster-sql/run_20260206.json,run_20260206.json,20260206,r-brickster-sql,r,5,wide_100000,SELECT * FROM samples.tpcds_sf1000.catalog_sales LIMIT 100000,4,12.0755,wide,100000,8281.230590865804
results/r-brickster-sql/run_20260206.json,run_20260206.json,20260206,r-brickster-sql,r,5,wide_100000,SELECT * FROM samples.tpcds_sf1000.catalog_sales LIMIT 100000,5,11.4522,wide,100000,8731.946700197343
results/r-brickster-sql/run_20260206.json,run_20260206.json,20260206,r-brickster-sql,r,5,narrow_1000000,"SELECT cs_order_number, cs_item_sk, cs_quantity, cs_sales_price, cs_net_paid, cs_net_profit FROM samples.tpcds_sf1000.catalog_sales LIMIT 1000000",1,20.3714,narrow,1000000,49088.427894008266
results/r-brickster-sql/run_20260206.json,run_20260206.json,20260206,r-brickster-sql,r,5,narrow_1000000,"SELECT cs_order_number, cs_item_sk, cs_quantity, cs_sales_price, cs_net_paid, cs_net_profit FROM samples.tpcds_sf1000.catalog_sales LIMIT 1000000",2,28.2926,narrow,1000000,35344.93118341899
results/r-brickster-sql/run_20260206.json,run_20260206.json,20260206,r-brickster-sql,r,5,narrow_1000000,"SELECT cs_order_number, cs_item_sk, cs_quantity, cs_sales_price, cs_net_paid, cs_net_profit FROM samples.tpcds_sf1000.catalog_sales LIMIT 1000000",3,24.9894,narrow,1000000,40016.96719409029
results/r-brickster-sql/run_20260206.json,run_20260206.json,20260206,r-brickster-sql,r,5,narrow_1000000,"SELECT cs_order_number, cs_item_sk, cs_quantity, cs_sales_price, cs_net_paid, cs_net_profit FROM samples.tpcds_sf1000.catalog_sales LIMIT 1000000",4,30.0913,narrow,1000000,33232.19668143284
results/r-brickster-sql/run_20260206.json,run_20260206.json,20260206,r-brickster-sql,r,5,narrow_1000000,"SELECT cs_order_number, cs_item_sk, cs_quantity, cs_sales_price, cs_net_paid, cs_net_profit FROM samples.tpcds_sf1000.catalog_sales LIMIT 1000000",5,25.6157,narrow,1000000,39038.55838411599
results/r-brickster-sql/run_20260206.json,run_20260206.json,20260206,r-brickster-sql,r,5,wide_1000000,SELECT * FROM samples.tpcds_sf1000.catalog_sales LIMIT 1000000,1,46.2071,wide,1000000,21641.695756712714
results/r-brickster-sql/run_20260206.json,run_20260206.json,20260206,r-brickster-sql,r,5,wide_1000000,SELECT * FROM samples.tpcds_sf1000.catalog_sales LIMIT 1000000,2,56.8169,wide,1000000,17600.397064957786
results/r-brickster-sql/run_20260206.json,run_20260206.json,20260206,r-brickster-sql,r,5,wide_1000000,SELECT * FROM samples.tpcds_sf1000.catalog_sales LIMIT 1000000,3,67.9544,wide,1000000,14715.75056214167
results/r-brickster-sql/run_20260206.json,run_20260206.json,20260206,r-brickster-sql,r,5,wide_1000000,SELECT * FROM samples.tpcds_sf1000.catalog_sales LIMIT 1000000,4,42.6596,wide,1000000,23441.382478973082
results/r-brickster-sql/run_20260206.json,run_20260206.json,20260206,r-brickster-sql,r,5,wide_1000000,SELECT * FROM samples.tpcds_sf1000.catalog_sales LIMIT 1000000,5,41.5313,wide,1000000,24078.225338479653
results/r-jdbc/run_20260206.json,run_20260206.json,20260206,r-jdbc,r,5,select_1,SELECT 1 AS one,1,0.7223,scalar,1,1.3844662882458811
results/r-jdbc/run_20260206.json,run_20260206.json,20260206,r-jdbc,r,5,select_1,SELECT 1 AS one,2,0.7206,scalar,1,1.3877324451845683
results/r-jdbc/run_20260206.json,run_20260206.json,20260206,r-jdbc,r,5,select_1,SELECT 1 AS one,3,0.7235,scalar,1,1.38217000691085
results/r-jdbc/run_20260206.json,run_20260206.json,20260206,r-jdbc,r,5,select_1,SELECT 1 AS one,4,0.7858,scalar,1,1.2725884448969202
results/r-jdbc/run_20260206.json,run_20260206.json,20260206,r-jdbc,r,5,select_1,SELECT 1 AS one,5,0.7285,scalar,1,1.3726835964310227
results/r-jdbc/run_20260206.json,run_20260206.json,20260206,r-jdbc,r,5,wide_single_row,SELECT * FROM samples.tpcds_sf1000.catalog_sales LIMIT 1,1,0.85,wide,1,1.1764705882352942
results/r-jdbc/run_20260206.json,run_20260206.json,20260206,r-jdbc,r,5,wide_single_row,SELECT * FROM samples.tpcds_sf1000.catalog_sales LIMIT 1,2,0.8348,wide,1,1.1978917105893627
results/r-jdbc/run_20260206.json,run_20260206.json,20260206,r-jdbc,r,5,wide_single_row,SELECT * FROM samples.tpcds_sf1000.catalog_sales LIMIT 1,3,0.9078,wide,1,1.1015642211940955
results/r-jdbc/run_20260206.json,run_20260206.json,20260206,r-jdbc,r,5,wide_single_row,SELECT * FROM samples.tpcds_sf1000.catalog_sales LIMIT 1,4,0.833,wide,1,1.2004801920768309
results/r-jdbc/run_20260206.json,run_20260206.json,20260206,r-jdbc,r,5,wide_single_row,SELECT * FROM samples.tpcds_sf1000.catalog_sales LIMIT 1,5,0.8415,wide,1,1.1883541295306002
results/r-jdbc/run_20260206.json,run_20260206.json,20260206,r-jdbc,r,5,narrow_1000,"SELECT cs_order_number, cs_item_sk, cs_quantity, cs_sales_price, cs_net_paid, cs_net_profit FROM samples.tpcds_sf1000.catalog_sales LIMIT 1000",1,1.1194,narrow,1000,893.3357155619082
results/r-jdbc/run_20260206.json,run_20260206.json,20260206,r-jdbc,r,5,narrow_1000,"SELECT cs_order_number, cs_item_sk, cs_quantity, cs_sales_price, cs_net_paid, cs_net_profit FROM samples.tpcds_sf1000.catalog_sales LIMIT 1000",2,1.1005,narrow,1000,908.6778736937755
results/r-jdbc/run_20260206.json,run_20260206.json,20260206,r-jdbc,r,5,narrow_1000,"SELECT cs_order_number, cs_item_sk, cs_quantity, cs_sales_price, cs_net_paid, cs_net_profit FROM samples.tpcds_sf1000.catalog_sales LIMIT 1000",3,1.1165,narrow,1000,895.6560680698611
results/r-jdbc/run_20260206.json,run_20260206.json,20260206,r-jdbc,r,5,narrow_1000,"SELECT cs_order_number, cs_item_sk, cs_quantity, cs_sales_price, cs_net_paid, cs_net_profit FROM samples.tpcds_sf1000.catalog_sales LIMIT 1000",4,1.1522,narrow,1000,867.9048776254124
results/r-jdbc/run_20260206.json,run_20260206.json,20260206,r-jdbc,r,5,narrow_1000,"SELECT cs_order_number, cs_item_sk, cs_quantity, cs_sales_price, cs_net_paid, cs_net_profit FROM samples.tpcds_sf1000.catalog_sales LIMIT 1000",5,1.1128,narrow,1000,898.6340762041697
results/r-jdbc/run_20260206.json,run_20260206.json,20260206,r-jdbc,r,5,wide_1000,SELECT * FROM samples.tpcds_sf1000.catalog_sales LIMIT 1000,1,1.1383,wide,1000,878.5030308354563
results/r-jdbc/run_20260206.json,run_20260206.json,20260206,r-jdbc,r,5,wide_1000,SELECT * FROM samples.tpcds_sf1000.catalog_sales LIMIT 1000,2,1.1293,wide,1000,885.5042946958293
results/r-jdbc/run_20260206.json,run_20260206.json,20260206,r-jdbc,r,5,wide_1000,SELECT * FROM samples.tpcds_sf1000.catalog_sales LIMIT 1000,3,1.125,wide,1000,888.8888888888889
results/r-jdbc/run_20260206.json,run_20260206.json,20260206,r-jdbc,r,5,wide_1000,SELECT * FROM samples.tpcds_sf1000.catalog_sales LIMIT 1000,4,1.1283,wide,1000,886.2891075068687
results/r-jdbc/run_20260206.json,run_20260206.json,20260206,r-jdbc,r,5,wide_1000,SELECT * FROM samples.tpcds_sf1000.catalog_sales LIMIT 1000,5,1.1153,wide,1000,896.6197435667534
results/r-jdbc/run_20260206.json,run_20260206.json,20260206,r-jdbc,r,5,narrow_10000,"SELECT cs_order_number, cs_item_sk, cs_quantity, cs_sales_price, cs_net_paid, cs_net_profit FROM samples.tpcds_sf1000.catalog_sales LIMIT 10000",1,1.1333,narrow,10000,8823.788934968676
results/r-jdbc/run_20260206.json,run_20260206.json,20260206,r-jdbc,r,5,narrow_10000,"SELECT cs_order_number, cs_item_sk, cs_quantity, cs_sales_price, cs_net_paid, cs_net_profit FROM samples.tpcds_sf1000.catalog_sales LIMIT 10000",2,1.1439,narrow,10000,8742.02290410001
results/r-jdbc/run_20260206.json,run_20260206.json,20260206,r-jdbc,r,5,narrow_10000,"SELECT cs_order_number, cs_item_sk, cs_quantity, cs_sales_price, cs_net_paid, cs_net_profit FROM samples.tpcds_sf1000.catalog_sales LIMIT 10000",3,1.1136,narrow,10000,8979.885057471265
results/r-jdbc/run_20260206.json,run_20260206.json,20260206,r-jdbc,r,5,narrow_10000,"SELECT cs_order_number, cs_item_sk, cs_quantity, cs_sales_price, cs_net_paid, cs_net_profit FROM samples.tpcds_sf1000.catalog_sales LIMIT 10000",4,1.1355,narrow,10000,8806.693086745927
results/r-jdbc/run_20260206.json,run_20260206.json,20260206,r-jdbc,r,5,narrow_10000,"SELECT cs_order_number, cs_item_sk, cs_quantity, cs_sales_price, cs_net_paid, cs_net_profit FROM samples.tpcds_sf1000.catalog_sales LIMIT 10000",5,1.1498,narrow,10000,8697.164724299879
results/r-jdbc/run_20260206.json,run_20260206.json,20260206,r-jdbc,r,5,wide_10000,SELECT * FROM samples.tpcds_sf1000.catalog_sales LIMIT 10000,1,1.7796,wide,10000,5619.240278714317
results/r-jdbc/run_20260206.json,run_20260206.json,20260206,r-jdbc,r,5,wide_10000,SELECT * FROM samples.tpcds_sf1000.catalog_sales LIMIT 10000,2,1.7965,wide,10000,5566.379070414695
results/r-jdbc/run_20260206.json,run_20260206.json,20260206,r-jdbc,r,5,wide_10000,SELECT * FROM samples.tpcds_sf1000.catalog_sales LIMIT 10000,3,1.7793,wide,10000,5620.187714269657
results/r-jdbc/run_20260206.json,run_20260206.json,20260206,r-jdbc,r,5,wide_10000,SELECT * FROM samples.tpcds_sf1000.catalog_sales LIMIT 10000,4,1.8237,wide,10000,5483.358008444371
results/r-jdbc/run_20260206.json,run_20260206.json,20260206,r-jdbc,r,5,wide_10000,SELECT * FROM samples.tpcds_sf1000.catalog_sales LIMIT 10000,5,1.7804,wide,10000,5616.715344866322
results/r-jdbc/run_20260206.json,run_20260206.json,20260206,r-jdbc,r,5,narrow_100000,"SELECT cs_order_number, cs_item_sk, cs_quantity, cs_sales_price, cs_net_paid, cs_net_profit FROM samples.tpcds_sf1000.catalog_sales LIMIT 100000",1,2.9243,narrow,100000,34196.21789830045
results/r-jdbc/run_20260206.json,run_20260206.json,20260206,r-jdbc,r,5,narrow_100000,"SELECT cs_order_number, cs_item_sk, cs_quantity, cs_sales_price, cs_net_paid, cs_net_profit FROM samples.tpcds_sf1000.catalog_sales LIMIT 100000",2,4.3781,narrow,100000,22840.958406614744
results/r-jdbc/run_20260206.json,run_20260206.json,20260206,r-jdbc,r,5,narrow_100000,"SELECT cs_order_number, cs_item_sk, cs_quantity, cs_sales_price, cs_net_paid, cs_net_profit FROM samples.tpcds_sf1000.catalog_sales LIMIT 100000",3,1.9797,narrow,100000,50512.70394504218
results/r-jdbc/run_20260206.json,run_20260206.json,20260206,r-jdbc,r,5,narrow_100000,"SELECT cs_order_number, cs_item_sk, cs_quantity, cs_sales_price, cs_net_paid, cs_net_profit FROM samples.tpcds_sf1000.catalog_sales LIMIT 100000",4,1.7559,narrow,100000,56950.85141522866
results/r-jdbc/run_20260206.json,run_20260206.json,20260206,r-jdbc,r,5,narrow_100000,"SELECT cs_order_number, cs_item_sk, cs_quantity, cs_sales_price, cs_net_paid, cs_net_profit FROM samples.tpcds_sf1000.catalog_sales LIMIT 100000",5,1.7527,narrow,100000,57054.829691333376
results/r-jdbc/run_20260206.json,run_20260206.json,20260206,r-jdbc,r,5,wide_100000,SELECT * FROM samples.tpcds_sf1000.catalog_sales LIMIT 100000,1,5.2019,wide,100000,19223.745170034024
results/r-jdbc/run_20260206.json,run_20260206.json,20260206,r-jdbc,r,5,wide_100000,SELECT * FROM samples.tpcds_sf1000.catalog_sales LIMIT 100000,2,3.8065,wide,100000,26270.852489163273
results/r-jdbc/run_20260206.json,run_20260206.json,20260206,r-jdbc,r,5,wide_100000,SELECT * FROM samples.tpcds_sf1000.catalog_sales LIMIT 100000,3,5.7007,wide,100000,17541.705404599434
results/r-jdbc/run_20260206.json,run_20260206.json,20260206,r-jdbc,r,5,wide_100000,SELECT * FROM samples.tpcds_sf1000.catalog_sales LIMIT 100000,4,4.4301,wide,100000,22572.853885916793
results/r-jdbc/run_20260206.json,run_20260206.json,20260206,r-jdbc,r,5,wide_100000,SELECT * FROM samples.tpcds_sf1000.catalog_sales LIMIT 100000,5,6.2743,wide,100000,15938.032927976028
results/r-jdbc/run_20260206.json,run_20260206.json,20260206,r-jdbc,r,5,narrow_1000000,"SELECT cs_order_number, cs_item_sk, cs_quantity, cs_sales_price, cs_net_paid, cs_net_profit FROM samples.tpcds_sf1000.catalog_sales LIMIT 1000000",1,7.9454,narrow,1000000,125858.98759030382
results/r-jdbc/run_20260206.json,run_20260206.json,20260206,r-jdbc,r,5,narrow_1000000,"SELECT cs_order_number, cs_item_sk, cs_quantity, cs_sales_price, cs_net_paid, cs_net_profit FROM samples.tpcds_sf1000.catalog_sales LIMIT 1000000",2,7.8455,narrow,1000000,127461.60219233955
results/r-jdbc/run_20260206.json,run_20260206.json,20260206,r-jdbc,r,5,narrow_1000000,"SELECT cs_order_number, cs_item_sk, cs_quantity, cs_sales_price, cs_net_paid, cs_net_profit FROM samples.tpcds_sf1000.catalog_sales LIMIT 1000000",3,7.3769,narrow,1000000,135558.29684555842
results/r-jdbc/run_20260206.json,run_20260206.json,20260206,r-jdbc,r,5,narrow_1000000,"SELECT cs_order_number, cs_item_sk, cs_quantity, cs_sales_price, cs_net_paid, cs_net_profit FROM samples.tpcds_sf1000.catalog_sales LIMIT 1000000",4,7.8131,narrow,1000000,127990.17035491674
results/r-jdbc/run_20260206.json,run_20260206.json,20260206,r-jdbc,r,5,narrow_1000000,"SELECT cs_order_number, cs_item_sk, cs_quantity, cs_sales_price, cs_net_paid, cs_net_profit FROM samples.tpcds_sf1000.catalog_sales LIMIT 1000000",5,12.0229,narrow,1000000,83174.6084555307
results/r-jdbc/run_20260206.json,run_20260206.json,20260206,r-jdbc,r,5,wide_1000000,SELECT * FROM samples.tpcds_sf1000.catalog_sales LIMIT 1000000,1,23.0107,wide,1000000,43458.0434319686
results/r-jdbc/run_20260206.json,run_20260206.json,20260206,r-jdbc,r,5,wide_1000000,SELECT * FROM samples.tpcds_sf1000.catalog_sales LIMIT 1000000,2,22.3817,wide,1000000,44679.35858312818
results/r-jdbc/run_20260206.json,run_20260206.json,20260206,r-jdbc,r,5,wide_1000000,SELECT * FROM samples.tpcds_sf1000.catalog_sales LIMIT 1000000,3,21.7467,wide,1000000,45983.98837524774
results/r-jdbc/run_20260206.json,run_20260206.json,20260206,r-jdbc,r,5,wide_1000000,SELECT * FROM samples.tpcds_sf1000.catalog_sales LIMIT 1000000,4,23.8109,wide,1000000,41997.57254030717
results/r-jdbc/run_20260206.json,run_20260206.json,20260206,r-jdbc,r,5,wide_1000000,SELECT * FROM samples.tpcds_sf1000.catalog_sales LIMIT 1000000,5,21.4197,wide,1000000,46685.99466845941
results/r-odbc/run_20260206.json,run_20260206.json,20260206,r-odbc,r,5,select_1,SELECT 1 AS one,1,0.4537,scalar,1,2.204099625303064
results/r-odbc/run_20260206.json,run_20260206.json,20260206,r-odbc,r,5,select_1,SELECT 1 AS one,2,0.4086,scalar,1,2.4473813020068524
results/r-odbc/run_20260206.json,run_20260206.json,20260206,r-odbc,r,5,select_1,SELECT 1 AS one,3,0.4119,scalar,1,2.4277737314882253
results/r-odbc/run_20260206.json,run_20260206.json,20260206,r-odbc,r,5,select_1,SELECT 1 AS one,4,0.4006,scalar,1,2.4962556165751373
results/r-odbc/run_20260206.json,run_20260206.json,20260206,r-odbc,r,5,select_1,SELECT 1 AS one,5,0.3995,scalar,1,2.5031289111389237
results/r-odbc/run_20260206.json,run_20260206.json,20260206,r-odbc,r,5,wide_single_row,SELECT * FROM samples.tpcds_sf1000.catalog_sales LIMIT 1,1,0.5362,wide,1,1.864975755315181
results/r-odbc/run_20260206.json,run_20260206.json,20260206,r-odbc,r,5,wide_single_row,SELECT * FROM samples.tpcds_sf1000.catalog_sales LIMIT 1,2,0.547,wide,1,1.8281535648994514
results/r-odbc/run_20260206.json,run_20260206.json,20260206,r-odbc,r,5,wide_single_row,SELECT * FROM samples.tpcds_sf1000.catalog_sales LIMIT 1,3,0.5337,wide,1,1.8737118231216041
results/r-odbc/run_20260206.json,run_20260206.json,20260206,r-odbc,r,5,wide_single_row,SELECT * FROM samples.tpcds_sf1000.catalog_sales LIMIT 1,4,0.5346,wide,1,1.8705574261129818
results/r-odbc/run_20260206.json,run_20260206.json,20260206,r-odbc,r,5,wide_single_row,SELECT * FROM samples.tpcds_sf1000.catalog_sales LIMIT 1,5,0.5584,wide,1,1.7908309455587392
results/r-odbc/run_20260206.json,run_20260206.json,20260206,r-odbc,r,5,narrow_1000,"SELECT cs_order_number, cs_item_sk, cs_quantity, cs_sales_price, cs_net_paid, cs_net_profit FROM samples.tpcds_sf1000.catalog_sales LIMIT 1000",1,0.9174,narrow,1000,1090.037061260083
results/r-odbc/run_20260206.json,run_20260206.json,20260206,r-odbc,r,5,narrow_1000,"SELECT cs_order_number, cs_item_sk, cs_quantity, cs_sales_price, cs_net_paid, cs_net_profit FROM samples.tpcds_sf1000.catalog_sales LIMIT 1000",2,0.8066,narrow,1000,1239.771881973717
results/r-odbc/run_20260206.json,run_20260206.json,20260206,r-odbc,r,5,narrow_1000,"SELECT cs_order_number, cs_item_sk, cs_quantity, cs_sales_price, cs_net_paid, cs_net_profit FROM samples.tpcds_sf1000.catalog_sales LIMIT 1000",3,0.8128,narrow,1000,1230.3149606299214
results/r-odbc/run_20260206.json,run_20260206.json,20260206,r-odbc,r,5,narrow_1000,"SELECT cs_order_number, cs_item_sk, cs_quantity, cs_sales_price, cs_net_paid, cs_net_profit FROM samples.tpcds_sf1000.catalog_sales LIMIT 1000",4,0.86240000000000006,narrow,1000,1159.5547309833023
results/r-odbc/run_20260206.json,run_20260206.json,20260206,r-odbc,r,5,narrow_1000,"SELECT cs_order_number, cs_item_sk, cs_quantity, cs_sales_price, cs_net_paid, cs_net_profit FROM samples.tpcds_sf1000.catalog_sales LIMIT 1000",5,0.8419,narrow,1000,1187.789523696401
results/r-odbc/run_20260206.json,run_20260206.json,20260206,r-odbc,r,5,wide_1000,SELECT * FROM samples.tpcds_sf1000.catalog_sales LIMIT 1000,1,1.503,wide,1000,665.3359946773121
results/r-odbc/run_20260206.json,run_20260206.json,20260206,r-odbc,r,5,wide_1000,SELECT * FROM samples.tpcds_sf1000.catalog_sales LIMIT 1000,2,1.4018,wide,1000,713.3685261806249
results/r-odbc/run_20260206.json,run_20260206.json,20260206,r-odbc,r,5,wide_1000,SELECT * FROM samples.tpcds_sf1000.catalog_sales LIMIT 1000,3,1.1835,wide,1000,844.9514152936206
results/r-odbc/run_20260206.json,run_20260206.json,20260206,r-odbc,r,5,wide_1000,SELECT * FROM samples.tpcds_sf1000.catalog_sales LIMIT 1000,4,1.213,wide,1000,824.4023083264633
results/r-odbc/run_20260206.json,run_20260206.json,20260206,r-odbc,r,5,wide_1000,SELECT * FROM samples.tpcds_sf1000.catalog_sales LIMIT 1000,5,1.13,wide,1000,884.9557522123895
results/r-odbc/run_20260206.json,run_20260206.json,20260206,r-odbc,r,5,narrow_10000,"SELECT cs_order_number, cs_item_sk, cs_quantity, cs_sales_price, cs_net_paid, cs_net_profit FROM samples.tpcds_sf1000.catalog_sales LIMIT 10000",1,1.2139,narrow,10000,8237.910865804432
results/r-odbc/run_20260206.json,run_20260206.json,20260206,r-odbc,r,5,narrow_10000,"SELECT cs_order_number, cs_item_sk, cs_quantity, cs_sales_price, cs_net_paid, cs_net_profit FROM samples.tpcds_sf1000.catalog_sales LIMIT 10000",2,1.1153,narrow,10000,8966.197435667535
results/r-odbc/run_20260206.json,run_20260206.json,20260206,r-odbc,r,5,narrow_10000,"SELECT cs_order_number, cs_item_sk, cs_quantity, cs_sales_price, cs_net_paid, cs_net_profit FROM samples.tpcds_sf1000.catalog_sales LIMIT 10000",3,0.8488,narrow,10000,11781.3383600377
results/r-odbc/run_20260206.json,run_20260206.json,20260206,r-odbc,r,5,narrow_10000,"SELECT cs_order_number, cs_item_sk, cs_quantity, cs_sales_price, cs_net_paid, cs_net_profit FROM samples.tpcds_sf1000.catalog_sales LIMIT 10000",4,0.8478,narrow,10000,11795.23472517103
results/r-odbc/run_20260206.json,run_20260206.json,20260206,r-odbc,r,5,narrow_10000,"SELECT cs_order_number, cs_item_sk, cs_quantity, cs_sales_price, cs_net_paid, cs_net_profit FROM samples.tpcds_sf1000.catalog_sales LIMIT 10000",5,0.8112,narrow,10000,12327.41617357002
results/r-odbc/run_20260206.json,run_20260206.json,20260206,r-odbc,r,5,wide_10000,SELECT * FROM samples.tpcds_sf1000.catalog_sales LIMIT 10000,1,1.5876,wide,10000,6298.815822625347
results/r-odbc/run_20260206.json,run_20260206.json,20260206,r-odbc,r,5,wide_10000,SELECT * FROM samples.tpcds_sf1000.catalog_sales LIMIT 10000,2,1.2759,wide,10000,7837.604827964574
results/r-odbc/run_20260206.json,run_20260206.json,20260206,r-odbc,r,5,wide_10000,SELECT * FROM samples.tpcds_sf1000.catalog_sales LIMIT 10000,3,1.3144,wide,10000,7608.034083992697
results/r-odbc/run_20260206.json,run_20260206.json,20260206,r-odbc,r,5,wide_10000,SELECT * FROM samples.tpcds_sf1000.catalog_sales LIMIT 10000,4,1.52,wide,10000,6578.9473684210525
results/r-odbc/run_20260206.json,run_20260206.json,20260206,r-odbc,r,5,wide_10000,SELECT * FROM samples.tpcds_sf1000.catalog_sales LIMIT 10000,5,1.5742,wide,10000,6352.432981832041
results/r-odbc/run_20260206.json,run_20260206.json,20260206,r-odbc,r,5,narrow_100000,"SELECT cs_order_number, cs_item_sk, cs_quantity, cs_sales_price, cs_net_paid, cs_net_profit FROM samples.tpcds_sf1000.catalog_sales LIMIT 100000",1,4.106,narrow,100000,24354.603019970775
results/r-odbc/run_20260206.json,run_20260206.json,20260206,r-odbc,r,5,narrow_100000,"SELECT cs_order_number, cs_item_sk, cs_quantity, cs_sales_price, cs_net_paid, cs_net_profit FROM samples.tpcds_sf1000.catalog_sales LIMIT 100000",2,4.0699,narrow,100000,24570.62827096489
results/r-odbc/run_20260206.json,run_20260206.json,20260206,r-odbc,r,5,narrow_100000,"SELECT cs_order_number, cs_item_sk, cs_quantity, cs_sales_price, cs_net_paid, cs_net_profit FROM samples.tpcds_sf1000.catalog_sales LIMIT 100000",3,3.9556,narrow,100000,25280.614824552533
results/r-odbc/run_20260206.json,run_20260206.json,20260206,r-odbc,r,5,narrow_100000,"SELECT cs_order_number, cs_item_sk, cs_quantity, cs_sales_price, cs_net_paid, cs_net_profit FROM samples.tpcds_sf1000.catalog_sales LIMIT 100000",4,3.9713,narrow,100000,25180.671316697306
results/r-odbc/run_20260206.json,run_20260206.json,20260206,r-odbc,r,5,narrow_100000,"SELECT cs_order_number, cs_item_sk, cs_quantity, cs_sales_price, cs_net_paid, cs_net_profit FROM samples.tpcds_sf1000.catalog_sales LIMIT 100000",5,4.108,narrow,100000,24342.745861733205
results/r-odbc/run_20260206.json,run_20260206.json,20260206,r-odbc,r,5,wide_100000,SELECT * FROM samples.tpcds_sf1000.catalog_sales LIMIT 100000,1,9.5336,wide,100000,10489.217084836788
results/r-odbc/run_20260206.json,run_20260206.json,20260206,r-odbc,r,5,wide_100000,SELECT * FROM samples.tpcds_sf1000.catalog_sales LIMIT 100000,2,15.093,wide,100000,6625.588020936858
results/r-odbc/run_20260206.json,run_20260206.json,20260206,r-odbc,r,5,wide_100000,SELECT * FROM samples.tpcds_sf1000.catalog_sales LIMIT 100000,3,9.2214,wide,100000,10844.340338777192
results/r-odbc/run_20260206.json,run_20260206.json,20260206,r-odbc,r,5,wide_100000,SELECT * FROM samples.tpcds_sf1000.catalog_sales LIMIT 100000,4,15.2882,wide,100000,6540.992399366832
results/r-odbc/run_20260206.json,run_20260206.json,20260206,r-odbc,r,5,wide_100000,SELECT * FROM samples.tpcds_sf1000.catalog_sales LIMIT 100000,5,15.3892,wide,100000,6498.0635770540375
results/r-odbc/run_20260206.json,run_20260206.json,20260206,r-odbc,r,5,narrow_1000000,"SELECT cs_order_number, cs_item_sk, cs_quantity, cs_sales_price, cs_net_paid, cs_net_profit FROM samples.tpcds_sf1000.catalog_sales LIMIT 1000000",1,17.5219,narrow,1000000,57071.43631683779
results/r-odbc/run_20260206.json,run_20260206.json,20260206,r-odbc,r,5,narrow_1000000,"SELECT cs_order_number, cs_item_sk, cs_quantity, cs_sales_price, cs_net_paid, cs_net_profit FROM samples.tpcds_sf1000.catalog_sales LIMIT 1000000",2,24.4922,narrow,1000000,40829.325254570846
results/r-odbc/run_20260206.json,run_20260206.json,20260206,r-odbc,r,5,narrow_1000000,"SELECT cs_order_number, cs_item_sk, cs_quantity, cs_sales_price, cs_net_paid, cs_net_profit FROM samples.tpcds_sf1000.catalog_sales LIMIT 1000000",3,16.9802,narrow,1000000,58892.121411997505
results/r-odbc/run_20260206.json,run_20260206.json,20260206,r-odbc,r,5,narrow_1000000,"SELECT cs_order_number, cs_item_sk, cs_quantity, cs_sales_price, cs_net_paid, cs_net_profit FROM samples.tpcds_sf1000.catalog_sales LIMIT 1000000",4,15.7517,narrow,1000000,63485.21112006958
results/r-odbc/run_20260206.json,run_20260206.json,20260206,r-odbc,r,5,narrow_1000000,"SELECT cs_order_number, cs_item_sk, cs_quantity, cs_sales_price, cs_net_paid, cs_net_profit FROM samples.tpcds_sf1000.catalog_sales LIMIT 1000000",5,26.4181,narrow,1000000,37852.835745189856
results/r-odbc/run_20260206.json,run_20260206.json,20260206,r-odbc,r,5,wide_1000000,SELECT * FROM samples.tpcds_sf1000.catalog_sales LIMIT 1000000,1,35.4492,wide,1000000,28209.38131184907
results/r-odbc/run_20260206.json,run_20260206.json,20260206,r-odbc,r,5,wide_1000000,SELECT * FROM samples.tpcds_sf1000.catalog_sales LIMIT 1000000,2,32.7058,wide,1000000,30575.616557307876
results/r-odbc/run_20260206.json,run_20260206.json,20260206,r-odbc,r,5,wide_1000000,SELECT * FROM samples.tpcds_sf1000.catalog_sales LIMIT 1000000,3,33.379,wide,1000000,29958.95622996495
results/r-odbc/run_20260206.json,run_20260206.json,20260206,r-odbc,r,5,wide_1000000,SELECT * FROM samples.tpcds_sf1000.catalog_sales LIMIT 1000000,4,32.4298,wide,1000000,30835.836175369568
results/r-odbc/run_20260206.json,run_20260206.json,20260206,r-odbc,r,5,wide_1000000,SELECT * FROM samples.tpcds_sf1000.catalog_sales LIMIT 1000000,5,34.5955,wide,1000000,28905.49348903759
